Country,Indicator,Year,Population (2020),Yearly Change,Net Change,Density (P/Km²),Land Area (Km²),Migrants (net),Fert. Rate,Med. Age,Urban Pop %,World Share,Value
Austria,Employment in general government as a percentage of total employment,2007,9015361.0,0.57%,51296.0,109.0,82409.0,65000.0,1.5,43,57%,0.12%,16.92
Austria,Employment in general government as a percentage of total employment,2008,9015361.0,0.57%,51296.0,109.0,82409.0,65000.0,1.5,43,57%,0.12%,16.73
Austria,Employment in general government as a percentage of total employment,2009,9015361.0,0.57%,51296.0,109.0,82409.0,65000.0,1.5,43,57%,0.12%,17.15
Austria,Employment in general government as a percentage of total employment,2010,9015361.0,0.57%,51296.0,109.0,82409.0,65000.0,1.5,43,57%,0.12%,17.13
Austria,Employment in general government as a percentage of total employment,2011,9015361.0,0.57%,51296.0,109.0,82409.0,65000.0,1.5,43,57%,0.12%,16.9
Austria,Employment in general government as a percentage of total employment,2012,9015361.0,0.57%,51296.0,109.0,82409.0,65000.0,1.5,43,57%,0.12%,16.79
Austria,Employment in general government as a percentage of total employment,2013,9015361.0,0.57%,51296.0,109.0,82409.0,65000.0,1.5,43,57%,0.12%,16.78
Austria,Employment in general government as a percentage of total employment,2014,9015361.0,0.57%,51296.0,109.0,82409.0,65000.0,1.5,43,57%,0.12%,16.78
Austria,Employment in general government as a percentage of total employment,2015,9015361.0,0.57%,51296.0,109.0,82409.0,65000.0,1.5,43,57%,0.12%,16.94
Austria,Employment in general government as a percentage of total employment,2016,9015361.0,0.57%,51296.0,109.0,82409.0,65000.0,1.5,43,57%,0.12%,16.96
Austria,Employment in general government as a percentage of total employment,2017,9015361.0,0.57%,51296.0,109.0,82409.0,65000.0,1.5,43,57%,0.12%,16.88
Austria,Employment in general government as a percentage of total employment,2018,9015361.0,0.57%,51296.0,109.0,82409.0,65000.0,1.5,43,57%,0.12%,16.77
Austria,Employment in general government as a percentage of total employment,2019,9015361.0,0.57%,51296.0,109.0,82409.0,65000.0,1.5,43,57%,0.12%,16.7
Austria,Employment in general government as a percentage of total employment,2020,9015361.0,0.57%,51296.0,109.0,82409.0,65000.0,1.5,43,57%,0.12%,17.15
Austria,Employment in general government as a percentage of total employment,2021,9015361.0,0.57%,51296.0,109.0,82409.0,65000.0,1.5,43,57%,0.12%,16.95
Belgium,Employment in general government as a percentage of total employment,2007,11598451.0,0.44%,50295.0,383.0,30280.0,48000.0,1.7,42,98%,0.15%,18.49
Belgium,Employment in general government as a percentage of total employment,2008,11598451.0,0.44%,50295.0,383.0,30280.0,48000.0,1.7,42,98%,0.15%,18.39
Belgium,Employment in general government as a percentage of total employment,2009,11598451.0,0.44%,50295.0,383.0,30280.0,48000.0,1.7,42,98%,0.15%,18.89
Belgium,Employment in general government as a percentage of total employment,2010,11598451.0,0.44%,50295.0,383.0,30280.0,48000.0,1.7,42,98%,0.15%,18.92
Belgium,Employment in general government as a percentage of total employment,2011,11598451.0,0.44%,50295.0,383.0,30280.0,48000.0,1.7,42,98%,0.15%,18.75
Belgium,Employment in general government as a percentage of total employment,2012,11598451.0,0.44%,50295.0,383.0,30280.0,48000.0,1.7,42,98%,0.15%,18.68
Belgium,Employment in general government as a percentage of total employment,2013,11598451.0,0.44%,50295.0,383.0,30280.0,48000.0,1.7,42,98%,0.15%,18.76
Belgium,Employment in general government as a percentage of total employment,2014,11598451.0,0.44%,50295.0,383.0,30280.0,48000.0,1.7,42,98%,0.15%,19.01
Belgium,Employment in general government as a percentage of total employment,2015,11598451.0,0.44%,50295.0,383.0,30280.0,48000.0,1.7,42,98%,0.15%,18.84
Belgium,Employment in general government as a percentage of total employment,2016,11598451.0,0.44%,50295.0,383.0,30280.0,48000.0,1.7,42,98%,0.15%,18.66
Belgium,Employment in general government as a percentage of total employment,2017,11598451.0,0.44%,50295.0,383.0,30280.0,48000.0,1.7,42,98%,0.15%,18.54
Belgium,Employment in general government as a percentage of total employment,2018,11598451.0,0.44%,50295.0,383.0,30280.0,48000.0,1.7,42,98%,0.15%,18.41
Belgium,Employment in general government as a percentage of total employment,2019,11598451.0,0.44%,50295.0,383.0,30280.0,48000.0,1.7,42,98%,0.15%,18.33
Belgium,Employment in general government as a percentage of total employment,2020,11598451.0,0.44%,50295.0,383.0,30280.0,48000.0,1.7,42,98%,0.15%,18.46
Belgium,Employment in general government as a percentage of total employment,2021,11598451.0,0.44%,50295.0,383.0,30280.0,48000.0,1.7,42,98%,0.15%,18.38
Canada,Employment in general government as a percentage of total employment,2007,37799407.0,0.89%,331107.0,4.0,9093510.0,242032.0,1.5,41,81%,0.48%,19.35
Canada,Employment in general government as a percentage of total employment,2008,37799407.0,0.89%,331107.0,4.0,9093510.0,242032.0,1.5,41,81%,0.48%,19.55
Canada,Employment in general government as a percentage of total employment,2009,37799407.0,0.89%,331107.0,4.0,9093510.0,242032.0,1.5,41,81%,0.48%,20.38
Canada,Employment in general government as a percentage of total employment,2010,37799407.0,0.89%,331107.0,4.0,9093510.0,242032.0,1.5,41,81%,0.48%,20.04
Canada,Employment in general government as a percentage of total employment,2011,37799407.0,0.89%,331107.0,4.0,9093510.0,242032.0,1.5,41,81%,0.48%,19.87
Canada,Employment in general government as a percentage of total employment,2012,37799407.0,0.89%,331107.0,4.0,9093510.0,242032.0,1.5,41,81%,0.48%,19.7
Canada,Employment in general government as a percentage of total employment,2013,37799407.0,0.89%,331107.0,4.0,9093510.0,242032.0,1.5,41,81%,0.48%,19.62
Canada,Employment in general government as a percentage of total employment,2014,37799407.0,0.89%,331107.0,4.0,9093510.0,242032.0,1.5,41,81%,0.48%,19.66
Canada,Employment in general government as a percentage of total employment,2015,37799407.0,0.89%,331107.0,4.0,9093510.0,242032.0,1.5,41,81%,0.48%,19.63
Canada,Employment in general government as a percentage of total employment,2016,37799407.0,0.89%,331107.0,4.0,9093510.0,242032.0,1.5,41,81%,0.48%,19.75
Canada,Employment in general government as a percentage of total employment,2017,37799407.0,0.89%,331107.0,4.0,9093510.0,242032.0,1.5,41,81%,0.48%,19.52
Canada,Employment in general government as a percentage of total employment,2018,37799407.0,0.89%,331107.0,4.0,9093510.0,242032.0,1.5,41,81%,0.48%,19.65
Canada,Employment in general government as a percentage of total employment,2019,37799407.0,0.89%,331107.0,4.0,9093510.0,242032.0,1.5,41,81%,0.48%,19.71
Canada,Employment in general government as a percentage of total employment,2020,37799407.0,0.89%,331107.0,4.0,9093510.0,242032.0,1.5,41,81%,0.48%,21.32
Canada,Employment in general government as a percentage of total employment,2021,37799407.0,0.89%,331107.0,4.0,9093510.0,242032.0,1.5,41,81%,0.48%,20.68
Czech Republic,Employment in general government as a percentage of total employment,2007,,,,,,,,,,,16.2
Czech Republic,Employment in general government as a percentage of total employment,2008,,,,,,,,,,,15.85
Czech Republic,Employment in general government as a percentage of total employment,2009,,,,,,,,,,,16.18
Czech Republic,Employment in general government as a percentage of total employment,2010,,,,,,,,,,,16.31
Czech Republic,Employment in general government as a percentage of total employment,2011,,,,,,,,,,,16.3
Czech Republic,Employment in general government as a percentage of total employment,2012,,,,,,,,,,,16.03
Czech Republic,Employment in general government as a percentage of total employment,2013,,,,,,,,,,,16.18
Czech Republic,Employment in general government as a percentage of total employment,2014,,,,,,,,,,,16.3
Czech Republic,Employment in general government as a percentage of total employment,2015,,,,,,,,,,,16.21
Czech Republic,Employment in general government as a percentage of total employment,2016,,,,,,,,,,,16.18
Czech Republic,Employment in general government as a percentage of total employment,2017,,,,,,,,,,,16.46
Czech Republic,Employment in general government as a percentage of total employment,2018,,,,,,,,,,,16.54
Czech Republic,Employment in general government as a percentage of total employment,2019,,,,,,,,,,,16.57
Czech Republic,Employment in general government as a percentage of total employment,2020,,,,,,,,,,,17.14
Czech Republic,Employment in general government as a percentage of total employment,2021,,,,,,,,,,,17.25
Denmark,Employment in general government as a percentage of total employment,2007,5795780.0,0.35%,20326.0,137.0,42430.0,15200.0,1.8,42,88%,0.07%,28.33
Denmark,Employment in general government as a percentage of total employment,2008,5795780.0,0.35%,20326.0,137.0,42430.0,15200.0,1.8,42,88%,0.07%,27.79
Denmark,Employment in general government as a percentage of total employment,2009,5795780.0,0.35%,20326.0,137.0,42430.0,15200.0,1.8,42,88%,0.07%,29.43
Denmark,Employment in general government as a percentage of total employment,2010,5795780.0,0.35%,20326.0,137.0,42430.0,15200.0,1.8,42,88%,0.07%,30.42
Denmark,Employment in general government as a percentage of total employment,2011,5795780.0,0.35%,20326.0,137.0,42430.0,15200.0,1.8,42,88%,0.07%,29.89
Denmark,Employment in general government as a percentage of total employment,2012,5795780.0,0.35%,20326.0,137.0,42430.0,15200.0,1.8,42,88%,0.07%,29.71
Denmark,Employment in general government as a percentage of total employment,2013,5795780.0,0.35%,20326.0,137.0,42430.0,15200.0,1.8,42,88%,0.07%,29.79
Denmark,Employment in general government as a percentage of total employment,2014,5795780.0,0.35%,20326.0,137.0,42430.0,15200.0,1.8,42,88%,0.07%,29.46
Denmark,Employment in general government as a percentage of total employment,2015,5795780.0,0.35%,20326.0,137.0,42430.0,15200.0,1.8,42,88%,0.07%,29.13
Denmark,Employment in general government as a percentage of total employment,2016,5795780.0,0.35%,20326.0,137.0,42430.0,15200.0,1.8,42,88%,0.07%,28.47
Denmark,Employment in general government as a percentage of total employment,2017,5795780.0,0.35%,20326.0,137.0,42430.0,15200.0,1.8,42,88%,0.07%,28.02
Denmark,Employment in general government as a percentage of total employment,2018,5795780.0,0.35%,20326.0,137.0,42430.0,15200.0,1.8,42,88%,0.07%,27.81
Denmark,Employment in general government as a percentage of total employment,2019,5795780.0,0.35%,20326.0,137.0,42430.0,15200.0,1.8,42,88%,0.07%,27.62
Denmark,Employment in general government as a percentage of total employment,2020,5795780.0,0.35%,20326.0,137.0,42430.0,15200.0,1.8,42,88%,0.07%,28.02
Denmark,Employment in general government as a percentage of total employment,2021,5795780.0,0.35%,20326.0,137.0,42430.0,15200.0,1.8,42,88%,0.07%,28.04
Finland,Employment in general government as a percentage of total employment,2007,5542237.0,0.15%,8564.0,18.0,303890.0,14000.0,1.5,43,86%,0.07%,24.47
Finland,Employment in general government as a percentage of total employment,2008,5542237.0,0.15%,8564.0,18.0,303890.0,14000.0,1.5,43,86%,0.07%,24.17
Finland,Employment in general government as a percentage of total employment,2009,5542237.0,0.15%,8564.0,18.0,303890.0,14000.0,1.5,43,86%,0.07%,24.9
Finland,Employment in general government as a percentage of total employment,2010,5542237.0,0.15%,8564.0,18.0,303890.0,14000.0,1.5,43,86%,0.07%,25.03
Finland,Employment in general government as a percentage of total employment,2011,5542237.0,0.15%,8564.0,18.0,303890.0,14000.0,1.5,43,86%,0.07%,24.81
Finland,Employment in general government as a percentage of total employment,2012,5542237.0,0.15%,8564.0,18.0,303890.0,14000.0,1.5,43,86%,0.07%,24.64
Finland,Employment in general government as a percentage of total employment,2013,5542237.0,0.15%,8564.0,18.0,303890.0,14000.0,1.5,43,86%,0.07%,24.95
Finland,Employment in general government as a percentage of total employment,2014,5542237.0,0.15%,8564.0,18.0,303890.0,14000.0,1.5,43,86%,0.07%,24.8
Finland,Employment in general government as a percentage of total employment,2015,5542237.0,0.15%,8564.0,18.0,303890.0,14000.0,1.5,43,86%,0.07%,24.56
Finland,Employment in general government as a percentage of total employment,2016,5542237.0,0.15%,8564.0,18.0,303890.0,14000.0,1.5,43,86%,0.07%,24.28
Finland,Employment in general government as a percentage of total employment,2017,5542237.0,0.15%,8564.0,18.0,303890.0,14000.0,1.5,43,86%,0.07%,24.18
Finland,Employment in general government as a percentage of total employment,2018,5542237.0,0.15%,8564.0,18.0,303890.0,14000.0,1.5,43,86%,0.07%,24.14
Finland,Employment in general government as a percentage of total employment,2019,5542237.0,0.15%,8564.0,18.0,303890.0,14000.0,1.5,43,86%,0.07%,24.39
Finland,Employment in general government as a percentage of total employment,2020,5542237.0,0.15%,8564.0,18.0,303890.0,14000.0,1.5,43,86%,0.07%,25.18
Finland,Employment in general government as a percentage of total employment,2021,5542237.0,0.15%,8564.0,18.0,303890.0,14000.0,1.5,43,86%,0.07%,25.41
France,Employment in general government as a percentage of total employment,2007,65298930.0,0.22%,143783.0,119.0,547557.0,36527.0,1.9,42,82%,0.84%,22.35
France,Employment in general government as a percentage of total employment,2008,65298930.0,0.22%,143783.0,119.0,547557.0,36527.0,1.9,42,82%,0.84%,22.26
France,Employment in general government as a percentage of total employment,2009,65298930.0,0.22%,143783.0,119.0,547557.0,36527.0,1.9,42,82%,0.84%,22.59
France,Employment in general government as a percentage of total employment,2010,65298930.0,0.22%,143783.0,119.0,547557.0,36527.0,1.9,42,82%,0.84%,22.62
France,Employment in general government as a percentage of total employment,2011,65298930.0,0.22%,143783.0,119.0,547557.0,36527.0,1.9,42,82%,0.84%,22.19
France,Employment in general government as a percentage of total employment,2012,65298930.0,0.22%,143783.0,119.0,547557.0,36527.0,1.9,42,82%,0.84%,21.96
France,Employment in general government as a percentage of total employment,2013,65298930.0,0.22%,143783.0,119.0,547557.0,36527.0,1.9,42,82%,0.84%,22.06
France,Employment in general government as a percentage of total employment,2014,65298930.0,0.22%,143783.0,119.0,547557.0,36527.0,1.9,42,82%,0.84%,22.15
France,Employment in general government as a percentage of total employment,2015,65298930.0,0.22%,143783.0,119.0,547557.0,36527.0,1.9,42,82%,0.84%,22.18
France,Employment in general government as a percentage of total employment,2016,65298930.0,0.22%,143783.0,119.0,547557.0,36527.0,1.9,42,82%,0.84%,22.09
France,Employment in general government as a percentage of total employment,2017,65298930.0,0.22%,143783.0,119.0,547557.0,36527.0,1.9,42,82%,0.84%,21.84
France,Employment in general government as a percentage of total employment,2018,65298930.0,0.22%,143783.0,119.0,547557.0,36527.0,1.9,42,82%,0.84%,21.54
France,Employment in general government as a percentage of total employment,2019,65298930.0,0.22%,143783.0,119.0,547557.0,36527.0,1.9,42,82%,0.84%,21.31
France,Employment in general government as a percentage of total employment,2020,65298930.0,0.22%,143783.0,119.0,547557.0,36527.0,1.9,42,82%,0.84%,21.47
France,Employment in general government as a percentage of total employment,2021,65298930.0,0.22%,143783.0,119.0,547557.0,36527.0,1.9,42,82%,0.84%,21.13
Germany,Employment in general government as a percentage of total employment,2007,83830972.0,0.32%,266897.0,240.0,348560.0,543822.0,1.6,46,76%,1.07%,11.42
Germany,Employment in general government as a percentage of total employment,2008,83830972.0,0.32%,266897.0,240.0,348560.0,543822.0,1.6,46,76%,1.07%,11.29
Germany,Employment in general government as a percentage of total employment,2009,83830972.0,0.32%,266897.0,240.0,348560.0,543822.0,1.6,46,76%,1.07%,11.42
Germany,Employment in general government as a percentage of total employment,2010,83830972.0,0.32%,266897.0,240.0,348560.0,543822.0,1.6,46,76%,1.07%,11.44
Germany,Employment in general government as a percentage of total employment,2011,83830972.0,0.32%,266897.0,240.0,348560.0,543822.0,1.6,46,76%,1.07%,11.07
Germany,Employment in general government as a percentage of total employment,2012,83830972.0,0.32%,266897.0,240.0,348560.0,543822.0,1.6,46,76%,1.07%,10.86
Germany,Employment in general government as a percentage of total employment,2013,83830972.0,0.32%,266897.0,240.0,348560.0,543822.0,1.6,46,76%,1.07%,10.78
Germany,Employment in general government as a percentage of total employment,2014,83830972.0,0.32%,266897.0,240.0,348560.0,543822.0,1.6,46,76%,1.07%,10.73
Germany,Employment in general government as a percentage of total employment,2015,83830972.0,0.32%,266897.0,240.0,348560.0,543822.0,1.6,46,76%,1.07%,10.67
Germany,Employment in general government as a percentage of total employment,2016,83830972.0,0.32%,266897.0,240.0,348560.0,543822.0,1.6,46,76%,1.07%,10.58
Germany,Employment in general government as a percentage of total employment,2017,83830972.0,0.32%,266897.0,240.0,348560.0,543822.0,1.6,46,76%,1.07%,10.57
Germany,Employment in general government as a percentage of total employment,2018,83830972.0,0.32%,266897.0,240.0,348560.0,543822.0,1.6,46,76%,1.07%,10.57
Germany,Employment in general government as a percentage of total employment,2019,83830972.0,0.32%,266897.0,240.0,348560.0,543822.0,1.6,46,76%,1.07%,10.64
Germany,Employment in general government as a percentage of total employment,2020,83830972.0,0.32%,266897.0,240.0,348560.0,543822.0,1.6,46,76%,1.07%,10.87
Germany,Employment in general government as a percentage of total employment,2021,83830972.0,0.32%,266897.0,240.0,348560.0,543822.0,1.6,46,76%,1.07%,11.13
Greece,Employment in general government as a percentage of total employment,2007,10413936.0,-0.48%,-50401.0,81.0,128900.0,-16000.0,1.3,46,85%,0.13%,17.99
Greece,Employment in general government as a percentage of total employment,2008,10413936.0,-0.48%,-50401.0,81.0,128900.0,-16000.0,1.3,46,85%,0.13%,17.65
Greece,Employment in general government as a percentage of total employment,2009,10413936.0,-0.48%,-50401.0,81.0,128900.0,-16000.0,1.3,46,85%,0.13%,17.58
Greece,Employment in general government as a percentage of total employment,2010,10413936.0,-0.48%,-50401.0,81.0,128900.0,-16000.0,1.3,46,85%,0.13%,18.16
Greece,Employment in general government as a percentage of total employment,2011,10413936.0,-0.48%,-50401.0,81.0,128900.0,-16000.0,1.3,46,85%,0.13%,18.35
Greece,Employment in general government as a percentage of total employment,2012,10413936.0,-0.48%,-50401.0,81.0,128900.0,-16000.0,1.3,46,85%,0.13%,18.0
Greece,Employment in general government as a percentage of total employment,2013,10413936.0,-0.48%,-50401.0,81.0,128900.0,-16000.0,1.3,46,85%,0.13%,17.3
Greece,Employment in general government as a percentage of total employment,2014,10413936.0,-0.48%,-50401.0,81.0,128900.0,-16000.0,1.3,46,85%,0.13%,16.19
Greece,Employment in general government as a percentage of total employment,2015,10413936.0,-0.48%,-50401.0,81.0,128900.0,-16000.0,1.3,46,85%,0.13%,16.8
Greece,Employment in general government as a percentage of total employment,2016,10413936.0,-0.48%,-50401.0,81.0,128900.0,-16000.0,1.3,46,85%,0.13%,16.47
Greece,Employment in general government as a percentage of total employment,2017,10413936.0,-0.48%,-50401.0,81.0,128900.0,-16000.0,1.3,46,85%,0.13%,16.58
Greece,Employment in general government as a percentage of total employment,2018,10413936.0,-0.48%,-50401.0,81.0,128900.0,-16000.0,1.3,46,85%,0.13%,16.12
Greece,Employment in general government as a percentage of total employment,2019,10413936.0,-0.48%,-50401.0,81.0,128900.0,-16000.0,1.3,46,85%,0.13%,16.03
Greece,Employment in general government as a percentage of total employment,2020,10413936.0,-0.48%,-50401.0,81.0,128900.0,-16000.0,1.3,46,85%,0.13%,16.43
Greece,Employment in general government as a percentage of total employment,2021,10413936.0,-0.48%,-50401.0,81.0,128900.0,-16000.0,1.3,46,85%,0.13%,16.1
Hungary,Employment in general government as a percentage of total employment,2007,9655983.0,-0.25%,-24328.0,107.0,90530.0,6000.0,1.5,43,72%,0.12%,19.18
Hungary,Employment in general government as a percentage of total employment,2008,9655983.0,-0.25%,-24328.0,107.0,90530.0,6000.0,1.5,43,72%,0.12%,18.84
Hungary,Employment in general government as a percentage of total employment,2009,9655983.0,-0.25%,-24328.0,107.0,90530.0,6000.0,1.5,43,72%,0.12%,19.89
Hungary,Employment in general government as a percentage of total employment,2010,9655983.0,-0.25%,-24328.0,107.0,90530.0,6000.0,1.5,43,72%,0.12%,21.21
Hungary,Employment in general government as a percentage of total employment,2011,9655983.0,-0.25%,-24328.0,107.0,90530.0,6000.0,1.5,43,72%,0.12%,20.55
Hungary,Employment in general government as a percentage of total employment,2012,9655983.0,-0.25%,-24328.0,107.0,90530.0,6000.0,1.5,43,72%,0.12%,20.66
Hungary,Employment in general government as a percentage of total employment,2013,9655983.0,-0.25%,-24328.0,107.0,90530.0,6000.0,1.5,43,72%,0.12%,21.31
Hungary,Employment in general government as a percentage of total employment,2014,9655983.0,-0.25%,-24328.0,107.0,90530.0,6000.0,1.5,43,72%,0.12%,21.62
Hungary,Employment in general government as a percentage of total employment,2015,9655983.0,-0.25%,-24328.0,107.0,90530.0,6000.0,1.5,43,72%,0.12%,22.09
Hungary,Employment in general government as a percentage of total employment,2016,9655983.0,-0.25%,-24328.0,107.0,90530.0,6000.0,1.5,43,72%,0.12%,21.46
Hungary,Employment in general government as a percentage of total employment,2017,9655983.0,-0.25%,-24328.0,107.0,90530.0,6000.0,1.5,43,72%,0.12%,20.58
Hungary,Employment in general government as a percentage of total employment,2018,9655983.0,-0.25%,-24328.0,107.0,90530.0,6000.0,1.5,43,72%,0.12%,19.7
Hungary,Employment in general government as a percentage of total employment,2019,9655983.0,-0.25%,-24328.0,107.0,90530.0,6000.0,1.5,43,72%,0.12%,19.49
Hungary,Employment in general government as a percentage of total employment,2020,9655983.0,-0.25%,-24328.0,107.0,90530.0,6000.0,1.5,43,72%,0.12%,19.74
Hungary,Employment in general government as a percentage of total employment,2021,9655983.0,-0.25%,-24328.0,107.0,90530.0,6000.0,1.5,43,72%,0.12%,19.57
Iceland,Employment in general government as a percentage of total employment,2008,341628.0,0.65%,2212.0,3.0,100250.0,380.0,1.8,37,94%,0.00%,24.99
Iceland,Employment in general government as a percentage of total employment,2009,341628.0,0.65%,2212.0,3.0,100250.0,380.0,1.8,37,94%,0.00%,27.52
Iceland,Employment in general government as a percentage of total employment,2010,341628.0,0.65%,2212.0,3.0,100250.0,380.0,1.8,37,94%,0.00%,27.38
Iceland,Employment in general government as a percentage of total employment,2011,341628.0,0.65%,2212.0,3.0,100250.0,380.0,1.8,37,94%,0.00%,27.45
Iceland,Employment in general government as a percentage of total employment,2012,341628.0,0.65%,2212.0,3.0,100250.0,380.0,1.8,37,94%,0.00%,26.88
Iceland,Employment in general government as a percentage of total employment,2013,341628.0,0.65%,2212.0,3.0,100250.0,380.0,1.8,37,94%,0.00%,26.8
Iceland,Employment in general government as a percentage of total employment,2014,341628.0,0.65%,2212.0,3.0,100250.0,380.0,1.8,37,94%,0.00%,26.27
Iceland,Employment in general government as a percentage of total employment,2015,341628.0,0.65%,2212.0,3.0,100250.0,380.0,1.8,37,94%,0.00%,25.65
Iceland,Employment in general government as a percentage of total employment,2016,341628.0,0.65%,2212.0,3.0,100250.0,380.0,1.8,37,94%,0.00%,24.38
Iceland,Employment in general government as a percentage of total employment,2017,341628.0,0.65%,2212.0,3.0,100250.0,380.0,1.8,37,94%,0.00%,23.79
Iceland,Employment in general government as a percentage of total employment,2018,341628.0,0.65%,2212.0,3.0,100250.0,380.0,1.8,37,94%,0.00%,23.99
Iceland,Employment in general government as a percentage of total employment,2019,341628.0,0.65%,2212.0,3.0,100250.0,380.0,1.8,37,94%,0.00%,24.95
Ireland,Employment in general government as a percentage of total employment,2007,4947267.0,1.13%,55291.0,72.0,68890.0,23604.0,1.8,38,63%,0.06%,14.61
Ireland,Employment in general government as a percentage of total employment,2008,4947267.0,1.13%,55291.0,72.0,68890.0,23604.0,1.8,38,63%,0.06%,15.27
Ireland,Employment in general government as a percentage of total employment,2009,4947267.0,1.13%,55291.0,72.0,68890.0,23604.0,1.8,38,63%,0.06%,16.06
Ireland,Employment in general government as a percentage of total employment,2010,4947267.0,1.13%,55291.0,72.0,68890.0,23604.0,1.8,38,63%,0.06%,16.13
Ireland,Employment in general government as a percentage of total employment,2011,4947267.0,1.13%,55291.0,72.0,68890.0,23604.0,1.8,38,63%,0.06%,15.99
Ireland,Employment in general government as a percentage of total employment,2012,4947267.0,1.13%,55291.0,72.0,68890.0,23604.0,1.8,38,63%,0.06%,15.69
Ireland,Employment in general government as a percentage of total employment,2013,4947267.0,1.13%,55291.0,72.0,68890.0,23604.0,1.8,38,63%,0.06%,15.1
Ireland,Employment in general government as a percentage of total employment,2014,4947267.0,1.13%,55291.0,72.0,68890.0,23604.0,1.8,38,63%,0.06%,14.79
Ireland,Employment in general government as a percentage of total employment,2015,4947267.0,1.13%,55291.0,72.0,68890.0,23604.0,1.8,38,63%,0.06%,14.69
Ireland,Employment in general government as a percentage of total employment,2016,4947267.0,1.13%,55291.0,72.0,68890.0,23604.0,1.8,38,63%,0.06%,14.54
Ireland,Employment in general government as a percentage of total employment,2017,4947267.0,1.13%,55291.0,72.0,68890.0,23604.0,1.8,38,63%,0.06%,14.65
Ireland,Employment in general government as a percentage of total employment,2018,4947267.0,1.13%,55291.0,72.0,68890.0,23604.0,1.8,38,63%,0.06%,14.68
Ireland,Employment in general government as a percentage of total employment,2019,4947267.0,1.13%,55291.0,72.0,68890.0,23604.0,1.8,38,63%,0.06%,19.99
Ireland,Employment in general government as a percentage of total employment,2020,4947267.0,1.13%,55291.0,72.0,68890.0,23604.0,1.8,38,63%,0.06%,20.57
Ireland,Employment in general government as a percentage of total employment,2021,4947267.0,1.13%,55291.0,72.0,68890.0,23604.0,1.8,38,63%,0.06%,20.49
Italy,Employment in general government as a percentage of total employment,2007,60446035.0,-0.15%,-88249.0,206.0,294140.0,148943.0,1.3,47,69%,0.78%,14.53
Italy,Employment in general government as a percentage of total employment,2008,60446035.0,-0.15%,-88249.0,206.0,294140.0,148943.0,1.3,47,69%,0.78%,14.38
Italy,Employment in general government as a percentage of total employment,2009,60446035.0,-0.15%,-88249.0,206.0,294140.0,148943.0,1.3,47,69%,0.78%,14.48
Italy,Employment in general government as a percentage of total employment,2010,60446035.0,-0.15%,-88249.0,206.0,294140.0,148943.0,1.3,47,69%,0.78%,14.37
Italy,Employment in general government as a percentage of total employment,2011,60446035.0,-0.15%,-88249.0,206.0,294140.0,148943.0,1.3,47,69%,0.78%,14.12
Italy,Employment in general government as a percentage of total employment,2012,60446035.0,-0.15%,-88249.0,206.0,294140.0,148943.0,1.3,47,69%,0.78%,13.88
Italy,Employment in general government as a percentage of total employment,2013,60446035.0,-0.15%,-88249.0,206.0,294140.0,148943.0,1.3,47,69%,0.78%,13.98
Italy,Employment in general government as a percentage of total employment,2014,60446035.0,-0.15%,-88249.0,206.0,294140.0,148943.0,1.3,47,69%,0.78%,13.94
Italy,Employment in general government as a percentage of total employment,2015,60446035.0,-0.15%,-88249.0,206.0,294140.0,148943.0,1.3,47,69%,0.78%,13.81
Italy,Employment in general government as a percentage of total employment,2016,60446035.0,-0.15%,-88249.0,206.0,294140.0,148943.0,1.3,47,69%,0.78%,13.68
Italy,Employment in general government as a percentage of total employment,2017,60446035.0,-0.15%,-88249.0,206.0,294140.0,148943.0,1.3,47,69%,0.78%,13.41
Italy,Employment in general government as a percentage of total employment,2018,60446035.0,-0.15%,-88249.0,206.0,294140.0,148943.0,1.3,47,69%,0.78%,13.35
Italy,Employment in general government as a percentage of total employment,2019,60446035.0,-0.15%,-88249.0,206.0,294140.0,148943.0,1.3,47,69%,0.78%,13.35
Italy,Employment in general government as a percentage of total employment,2020,60446035.0,-0.15%,-88249.0,206.0,294140.0,148943.0,1.3,47,69%,0.78%,13.54
Italy,Employment in general government as a percentage of total employment,2021,60446035.0,-0.15%,-88249.0,206.0,294140.0,148943.0,1.3,47,69%,0.78%,13.53
Japan,Employment in general government as a percentage of total employment,2007,126407422.0,-0.30%,-383840.0,347.0,364555.0,71560.0,1.4,48,92%,1.62%,4.93
Japan,Employment in general government as a percentage of total employment,2008,126407422.0,-0.30%,-383840.0,347.0,364555.0,71560.0,1.4,48,92%,1.62%,4.85
Japan,Employment in general government as a percentage of total employment,2009,126407422.0,-0.30%,-383840.0,347.0,364555.0,71560.0,1.4,48,92%,1.62%,4.82
Japan,Employment in general government as a percentage of total employment,2010,126407422.0,-0.30%,-383840.0,347.0,364555.0,71560.0,1.4,48,92%,1.62%,4.75
Japan,Employment in general government as a percentage of total employment,2011,126407422.0,-0.30%,-383840.0,347.0,364555.0,71560.0,1.4,48,92%,1.62%,4.73
Japan,Employment in general government as a percentage of total employment,2012,126407422.0,-0.30%,-383840.0,347.0,364555.0,71560.0,1.4,48,92%,1.62%,4.73
Japan,Employment in general government as a percentage of total employment,2013,126407422.0,-0.30%,-383840.0,347.0,364555.0,71560.0,1.4,48,92%,1.62%,4.68
Japan,Employment in general government as a percentage of total employment,2014,126407422.0,-0.30%,-383840.0,347.0,364555.0,71560.0,1.4,48,92%,1.62%,4.65
Japan,Employment in general government as a percentage of total employment,2015,126407422.0,-0.30%,-383840.0,347.0,364555.0,71560.0,1.4,48,92%,1.62%,4.63
Japan,Employment in general government as a percentage of total employment,2016,126407422.0,-0.30%,-383840.0,347.0,364555.0,71560.0,1.4,48,92%,1.62%,4.59
Japan,Employment in general government as a percentage of total employment,2017,126407422.0,-0.30%,-383840.0,347.0,364555.0,71560.0,1.4,48,92%,1.62%,4.55
Japan,Employment in general government as a percentage of total employment,2018,126407422.0,-0.30%,-383840.0,347.0,364555.0,71560.0,1.4,48,92%,1.62%,4.46
Japan,Employment in general government as a percentage of total employment,2019,126407422.0,-0.30%,-383840.0,347.0,364555.0,71560.0,1.4,48,92%,1.62%,4.43
Japan,Employment in general government as a percentage of total employment,2020,126407422.0,-0.30%,-383840.0,347.0,364555.0,71560.0,1.4,48,92%,1.62%,4.49
Japan,Employment in general government as a percentage of total employment,2021,126407422.0,-0.30%,-383840.0,347.0,364555.0,71560.0,1.4,48,92%,1.62%,4.55
Korea,Employment in general government as a percentage of total employment,2016,,,,,,,,,,,7.65
Korea,Employment in general government as a percentage of total employment,2017,,,,,,,,,,,7.75
Korea,Employment in general government as a percentage of total employment,2018,,,,,,,,,,,7.77
Korea,Employment in general government as a percentage of total employment,2019,,,,,,,,,,,8.13
Korea,Employment in general government as a percentage of total employment,2020,,,,,,,,,,,8.76
Korea,Employment in general government as a percentage of total employment,2021,,,,,,,,,,,8.83
Luxembourg,Employment in general government as a percentage of total employment,2007,627704.0,1.66%,10249.0,242.0,2590.0,9741.0,1.5,40,88%,0.01%,13.53
Luxembourg,Employment in general government as a percentage of total employment,2008,627704.0,1.66%,10249.0,242.0,2590.0,9741.0,1.5,40,88%,0.01%,13.24
Luxembourg,Employment in general government as a percentage of total employment,2009,627704.0,1.66%,10249.0,242.0,2590.0,9741.0,1.5,40,88%,0.01%,13.67
Luxembourg,Employment in general government as a percentage of total employment,2010,627704.0,1.66%,10249.0,242.0,2590.0,9741.0,1.5,40,88%,0.01%,13.68
Luxembourg,Employment in general government as a percentage of total employment,2011,627704.0,1.66%,10249.0,242.0,2590.0,9741.0,1.5,40,88%,0.01%,13.69
Luxembourg,Employment in general government as a percentage of total employment,2012,627704.0,1.66%,10249.0,242.0,2590.0,9741.0,1.5,40,88%,0.01%,13.76
Luxembourg,Employment in general government as a percentage of total employment,2013,627704.0,1.66%,10249.0,242.0,2590.0,9741.0,1.5,40,88%,0.01%,13.8
Luxembourg,Employment in general government as a percentage of total employment,2014,627704.0,1.66%,10249.0,242.0,2590.0,9741.0,1.5,40,88%,0.01%,13.72
Luxembourg,Employment in general government as a percentage of total employment,2015,627704.0,1.66%,10249.0,242.0,2590.0,9741.0,1.5,40,88%,0.01%,13.6
Luxembourg,Employment in general government as a percentage of total employment,2016,627704.0,1.66%,10249.0,242.0,2590.0,9741.0,1.5,40,88%,0.01%,13.41
Luxembourg,Employment in general government as a percentage of total employment,2017,627704.0,1.66%,10249.0,242.0,2590.0,9741.0,1.5,40,88%,0.01%,13.4
Luxembourg,Employment in general government as a percentage of total employment,2018,627704.0,1.66%,10249.0,242.0,2590.0,9741.0,1.5,40,88%,0.01%,13.62
Luxembourg,Employment in general government as a percentage of total employment,2019,627704.0,1.66%,10249.0,242.0,2590.0,9741.0,1.5,40,88%,0.01%,13.7
Luxembourg,Employment in general government as a percentage of total employment,2020,627704.0,1.66%,10249.0,242.0,2590.0,9741.0,1.5,40,88%,0.01%,14.25
Luxembourg,Employment in general government as a percentage of total employment,2021,627704.0,1.66%,10249.0,242.0,2590.0,9741.0,1.5,40,88%,0.01%,14.52
Mexico,Employment in general government as a percentage of total employment,2007,129166028.0,1.06%,1357224.0,66.0,1943950.0,-60000.0,2.1,29,84%,1.65%,11.18
Mexico,Employment in general government as a percentage of total employment,2008,129166028.0,1.06%,1357224.0,66.0,1943950.0,-60000.0,2.1,29,84%,1.65%,13.15
Mexico,Employment in general government as a percentage of total employment,2009,129166028.0,1.06%,1357224.0,66.0,1943950.0,-60000.0,2.1,29,84%,1.65%,12.77
Mexico,Employment in general government as a percentage of total employment,2010,129166028.0,1.06%,1357224.0,66.0,1943950.0,-60000.0,2.1,29,84%,1.65%,12.98
Mexico,Employment in general government as a percentage of total employment,2011,129166028.0,1.06%,1357224.0,66.0,1943950.0,-60000.0,2.1,29,84%,1.65%,12.84
Mexico,Employment in general government as a percentage of total employment,2012,129166028.0,1.06%,1357224.0,66.0,1943950.0,-60000.0,2.1,29,84%,1.65%,12.78
Mexico,Employment in general government as a percentage of total employment,2013,129166028.0,1.06%,1357224.0,66.0,1943950.0,-60000.0,2.1,29,84%,1.65%,12.79
Mexico,Employment in general government as a percentage of total employment,2014,129166028.0,1.06%,1357224.0,66.0,1943950.0,-60000.0,2.1,29,84%,1.65%,12.8
Mexico,Employment in general government as a percentage of total employment,2015,129166028.0,1.06%,1357224.0,66.0,1943950.0,-60000.0,2.1,29,84%,1.65%,12.79
Mexico,Employment in general government as a percentage of total employment,2016,129166028.0,1.06%,1357224.0,66.0,1943950.0,-60000.0,2.1,29,84%,1.65%,12.64
Mexico,Employment in general government as a percentage of total employment,2017,129166028.0,1.06%,1357224.0,66.0,1943950.0,-60000.0,2.1,29,84%,1.65%,12.61
Mexico,Employment in general government as a percentage of total employment,2018,129166028.0,1.06%,1357224.0,66.0,1943950.0,-60000.0,2.1,29,84%,1.65%,12.56
Mexico,Employment in general government as a percentage of total employment,2019,129166028.0,1.06%,1357224.0,66.0,1943950.0,-60000.0,2.1,29,84%,1.65%,12.5
Mexico,Employment in general government as a percentage of total employment,2020,129166028.0,1.06%,1357224.0,66.0,1943950.0,-60000.0,2.1,29,84%,1.65%,13.37
Mexico,Employment in general government as a percentage of total employment,2021,129166028.0,1.06%,1357224.0,66.0,1943950.0,-60000.0,2.1,29,84%,1.65%,13.66
Netherlands,Employment in general government as a percentage of total employment,2007,17141544.0,0.22%,37742.0,508.0,33720.0,16000.0,1.7,43,92%,0.22%,12.81
Netherlands,Employment in general government as a percentage of total employment,2008,17141544.0,0.22%,37742.0,508.0,33720.0,16000.0,1.7,43,92%,0.22%,12.77
Netherlands,Employment in general government as a percentage of total employment,2009,17141544.0,0.22%,37742.0,508.0,33720.0,16000.0,1.7,43,92%,0.22%,13.07
Netherlands,Employment in general government as a percentage of total employment,2010,17141544.0,0.22%,37742.0,508.0,33720.0,16000.0,1.7,43,92%,0.22%,13.35
Netherlands,Employment in general government as a percentage of total employment,2011,17141544.0,0.22%,37742.0,508.0,33720.0,16000.0,1.7,43,92%,0.22%,13.0
Netherlands,Employment in general government as a percentage of total employment,2012,17141544.0,0.22%,37742.0,508.0,33720.0,16000.0,1.7,43,92%,0.22%,12.83
Netherlands,Employment in general government as a percentage of total employment,2013,17141544.0,0.22%,37742.0,508.0,33720.0,16000.0,1.7,43,92%,0.22%,12.82
Netherlands,Employment in general government as a percentage of total employment,2014,17141544.0,0.22%,37742.0,508.0,33720.0,16000.0,1.7,43,92%,0.22%,12.69
Netherlands,Employment in general government as a percentage of total employment,2015,17141544.0,0.22%,37742.0,508.0,33720.0,16000.0,1.7,43,92%,0.22%,12.49
Netherlands,Employment in general government as a percentage of total employment,2016,17141544.0,0.22%,37742.0,508.0,33720.0,16000.0,1.7,43,92%,0.22%,12.26
Netherlands,Employment in general government as a percentage of total employment,2017,17141544.0,0.22%,37742.0,508.0,33720.0,16000.0,1.7,43,92%,0.22%,12.0
Netherlands,Employment in general government as a percentage of total employment,2018,17141544.0,0.22%,37742.0,508.0,33720.0,16000.0,1.7,43,92%,0.22%,11.72
Netherlands,Employment in general government as a percentage of total employment,2019,17141544.0,0.22%,37742.0,508.0,33720.0,16000.0,1.7,43,92%,0.22%,11.69
Netherlands,Employment in general government as a percentage of total employment,2020,17141544.0,0.22%,37742.0,508.0,33720.0,16000.0,1.7,43,92%,0.22%,11.97
Netherlands,Employment in general government as a percentage of total employment,2021,17141544.0,0.22%,37742.0,508.0,33720.0,16000.0,1.7,43,92%,0.22%,12.05
Norway,Employment in general government as a percentage of total employment,2007,5428594.0,0.79%,42384.0,15.0,365268.0,28000.0,1.7,40,83%,0.07%,28.96
Norway,Employment in general government as a percentage of total employment,2008,5428594.0,0.79%,42384.0,15.0,365268.0,28000.0,1.7,40,83%,0.07%,28.56
Norway,Employment in general government as a percentage of total employment,2009,5428594.0,0.79%,42384.0,15.0,365268.0,28000.0,1.7,40,83%,0.07%,29.19
Norway,Employment in general government as a percentage of total employment,2010,5428594.0,0.79%,42384.0,15.0,365268.0,28000.0,1.7,40,83%,0.07%,29.66
Norway,Employment in general government as a percentage of total employment,2011,5428594.0,0.79%,42384.0,15.0,365268.0,28000.0,1.7,40,83%,0.07%,29.82
Norway,Employment in general government as a percentage of total employment,2012,5428594.0,0.79%,42384.0,15.0,365268.0,28000.0,1.7,40,83%,0.07%,29.67
Norway,Employment in general government as a percentage of total employment,2013,5428594.0,0.79%,42384.0,15.0,365268.0,28000.0,1.7,40,83%,0.07%,29.75
Norway,Employment in general government as a percentage of total employment,2014,5428594.0,0.79%,42384.0,15.0,365268.0,28000.0,1.7,40,83%,0.07%,29.74
Norway,Employment in general government as a percentage of total employment,2015,5428594.0,0.79%,42384.0,15.0,365268.0,28000.0,1.7,40,83%,0.07%,30.07
Norway,Employment in general government as a percentage of total employment,2016,5428594.0,0.79%,42384.0,15.0,365268.0,28000.0,1.7,40,83%,0.07%,30.36
Norway,Employment in general government as a percentage of total employment,2017,5428594.0,0.79%,42384.0,15.0,365268.0,28000.0,1.7,40,83%,0.07%,30.49
Norway,Employment in general government as a percentage of total employment,2018,5428594.0,0.79%,42384.0,15.0,365268.0,28000.0,1.7,40,83%,0.07%,30.41
Norway,Employment in general government as a percentage of total employment,2019,5428594.0,0.79%,42384.0,15.0,365268.0,28000.0,1.7,40,83%,0.07%,30.18
Norway,Employment in general government as a percentage of total employment,2020,5428594.0,0.79%,42384.0,15.0,365268.0,28000.0,1.7,40,83%,0.07%,30.73
Norway,Employment in general government as a percentage of total employment,2021,5428594.0,0.79%,42384.0,15.0,365268.0,28000.0,1.7,40,83%,0.07%,30.92
Poland,Employment in general government as a percentage of total employment,2007,37839255.0,-0.11%,-41157.0,124.0,306230.0,-29395.0,1.4,42,60%,0.49%,17.43
Poland,Employment in general government as a percentage of total employment,2008,37839255.0,-0.11%,-41157.0,124.0,306230.0,-29395.0,1.4,42,60%,0.49%,16.68
Poland,Employment in general government as a percentage of total employment,2009,37839255.0,-0.11%,-41157.0,124.0,306230.0,-29395.0,1.4,42,60%,0.49%,16.07
Poland,Employment in general government as a percentage of total employment,2010,37839255.0,-0.11%,-41157.0,124.0,306230.0,-29395.0,1.4,42,60%,0.49%,16.01
Poland,Employment in general government as a percentage of total employment,2011,37839255.0,-0.11%,-41157.0,124.0,306230.0,-29395.0,1.4,42,60%,0.49%,16.32
Poland,Employment in general government as a percentage of total employment,2012,37839255.0,-0.11%,-41157.0,124.0,306230.0,-29395.0,1.4,42,60%,0.49%,16.69
Poland,Employment in general government as a percentage of total employment,2013,37839255.0,-0.11%,-41157.0,124.0,306230.0,-29395.0,1.4,42,60%,0.49%,16.87
Poland,Employment in general government as a percentage of total employment,2014,37839255.0,-0.11%,-41157.0,124.0,306230.0,-29395.0,1.4,42,60%,0.49%,16.78
Poland,Employment in general government as a percentage of total employment,2015,37839255.0,-0.11%,-41157.0,124.0,306230.0,-29395.0,1.4,42,60%,0.49%,16.98
Poland,Employment in general government as a percentage of total employment,2016,37839255.0,-0.11%,-41157.0,124.0,306230.0,-29395.0,1.4,42,60%,0.49%,16.72
Poland,Employment in general government as a percentage of total employment,2017,37839255.0,-0.11%,-41157.0,124.0,306230.0,-29395.0,1.4,42,60%,0.49%,17.19
Poland,Employment in general government as a percentage of total employment,2018,37839255.0,-0.11%,-41157.0,124.0,306230.0,-29395.0,1.4,42,60%,0.49%,17.21
Poland,Employment in general government as a percentage of total employment,2019,37839255.0,-0.11%,-41157.0,124.0,306230.0,-29395.0,1.4,42,60%,0.49%,17.7
Poland,Employment in general government as a percentage of total employment,2020,37839255.0,-0.11%,-41157.0,124.0,306230.0,-29395.0,1.4,42,60%,0.49%,17.3
Poland,Employment in general government as a percentage of total employment,2021,37839255.0,-0.11%,-41157.0,124.0,306230.0,-29395.0,1.4,42,60%,0.49%,17.3
Portugal,Employment in general government as a percentage of total employment,2007,10191409.0,-0.29%,-29478.0,111.0,91590.0,-6000.0,1.3,46,66%,0.13%,14.49
Portugal,Employment in general government as a percentage of total employment,2008,10191409.0,-0.29%,-29478.0,111.0,91590.0,-6000.0,1.3,46,66%,0.13%,14.41
Portugal,Employment in general government as a percentage of total employment,2009,10191409.0,-0.29%,-29478.0,111.0,91590.0,-6000.0,1.3,46,66%,0.13%,14.95
Portugal,Employment in general government as a percentage of total employment,2010,10191409.0,-0.29%,-29478.0,111.0,91590.0,-6000.0,1.3,46,66%,0.13%,15.19
Portugal,Employment in general government as a percentage of total employment,2011,10191409.0,-0.29%,-29478.0,111.0,91590.0,-6000.0,1.3,46,66%,0.13%,15.04
Portugal,Employment in general government as a percentage of total employment,2012,10191409.0,-0.29%,-29478.0,111.0,91590.0,-6000.0,1.3,46,66%,0.13%,15.51
Portugal,Employment in general government as a percentage of total employment,2013,10191409.0,-0.29%,-29478.0,111.0,91590.0,-6000.0,1.3,46,66%,0.13%,15.62
Portugal,Employment in general government as a percentage of total employment,2014,10191409.0,-0.29%,-29478.0,111.0,91590.0,-6000.0,1.3,46,66%,0.13%,15.16
Portugal,Employment in general government as a percentage of total employment,2015,10191409.0,-0.29%,-29478.0,111.0,91590.0,-6000.0,1.3,46,66%,0.13%,14.84
Portugal,Employment in general government as a percentage of total employment,2016,10191409.0,-0.29%,-29478.0,111.0,91590.0,-6000.0,1.3,46,66%,0.13%,14.73
Portugal,Employment in general government as a percentage of total employment,2017,10191409.0,-0.29%,-29478.0,111.0,91590.0,-6000.0,1.3,46,66%,0.13%,14.34
Portugal,Employment in general government as a percentage of total employment,2018,10191409.0,-0.29%,-29478.0,111.0,91590.0,-6000.0,1.3,46,66%,0.13%,14.08
Portugal,Employment in general government as a percentage of total employment,2019,10191409.0,-0.29%,-29478.0,111.0,91590.0,-6000.0,1.3,46,66%,0.13%,14.19
Portugal,Employment in general government as a percentage of total employment,2020,10191409.0,-0.29%,-29478.0,111.0,91590.0,-6000.0,1.3,46,66%,0.13%,14.86
Portugal,Employment in general government as a percentage of total employment,2021,10191409.0,-0.29%,-29478.0,111.0,91590.0,-6000.0,1.3,46,66%,0.13%,14.97
Slovak Republic,Employment in general government as a percentage of total employment,2007,,,,,,,,,,,19.38
Slovak Republic,Employment in general government as a percentage of total employment,2008,,,,,,,,,,,18.73
Slovak Republic,Employment in general government as a percentage of total employment,2009,,,,,,,,,,,18.89
Slovak Republic,Employment in general government as a percentage of total employment,2010,,,,,,,,,,,19.54
Slovak Republic,Employment in general government as a percentage of total employment,2011,,,,,,,,,,,19.62
Slovak Republic,Employment in general government as a percentage of total employment,2012,,,,,,,,,,,19.38
Slovak Republic,Employment in general government as a percentage of total employment,2013,,,,,,,,,,,19.58
Slovak Republic,Employment in general government as a percentage of total employment,2014,,,,,,,,,,,19.48
Slovak Republic,Employment in general government as a percentage of total employment,2015,,,,,,,,,,,19.4
Slovak Republic,Employment in general government as a percentage of total employment,2016,,,,,,,,,,,19.0
Slovak Republic,Employment in general government as a percentage of total employment,2017,,,,,,,,,,,18.73
Slovak Republic,Employment in general government as a percentage of total employment,2018,,,,,,,,,,,18.64
Slovak Republic,Employment in general government as a percentage of total employment,2019,,,,,,,,,,,18.67
Slovak Republic,Employment in general government as a percentage of total employment,2020,,,,,,,,,,,19.17
Slovak Republic,Employment in general government as a percentage of total employment,2021,,,,,,,,,,,19.3
Spain,Employment in general government as a percentage of total employment,2007,46757980.0,0.04%,18002.0,94.0,498800.0,40000.0,1.3,45,80%,0.60%,13.43
Spain,Employment in general government as a percentage of total employment,2008,46757980.0,0.04%,18002.0,94.0,498800.0,40000.0,1.3,45,80%,0.60%,13.74
Spain,Employment in general government as a percentage of total employment,2009,46757980.0,0.04%,18002.0,94.0,498800.0,40000.0,1.3,45,80%,0.60%,14.89
Spain,Employment in general government as a percentage of total employment,2010,46757980.0,0.04%,18002.0,94.0,498800.0,40000.0,1.3,45,80%,0.60%,15.31
Spain,Employment in general government as a percentage of total employment,2011,46757980.0,0.04%,18002.0,94.0,498800.0,40000.0,1.3,45,80%,0.60%,16.0
Spain,Employment in general government as a percentage of total employment,2012,46757980.0,0.04%,18002.0,94.0,498800.0,40000.0,1.3,45,80%,0.60%,16.26
Spain,Employment in general government as a percentage of total employment,2013,46757980.0,0.04%,18002.0,94.0,498800.0,40000.0,1.3,45,80%,0.60%,16.73
Spain,Employment in general government as a percentage of total employment,2014,46757980.0,0.04%,18002.0,94.0,498800.0,40000.0,1.3,45,80%,0.60%,16.55
Spain,Employment in general government as a percentage of total employment,2015,46757980.0,0.04%,18002.0,94.0,498800.0,40000.0,1.3,45,80%,0.60%,16.22
Spain,Employment in general government as a percentage of total employment,2016,46757980.0,0.04%,18002.0,94.0,498800.0,40000.0,1.3,45,80%,0.60%,15.96
Spain,Employment in general government as a percentage of total employment,2017,46757980.0,0.04%,18002.0,94.0,498800.0,40000.0,1.3,45,80%,0.60%,15.68
Spain,Employment in general government as a percentage of total employment,2018,46757980.0,0.04%,18002.0,94.0,498800.0,40000.0,1.3,45,80%,0.60%,15.66
Spain,Employment in general government as a percentage of total employment,2019,46757980.0,0.04%,18002.0,94.0,498800.0,40000.0,1.3,45,80%,0.60%,15.38
Spain,Employment in general government as a percentage of total employment,2020,46757980.0,0.04%,18002.0,94.0,498800.0,40000.0,1.3,45,80%,0.60%,16.61
Spain,Employment in general government as a percentage of total employment,2021,46757980.0,0.04%,18002.0,94.0,498800.0,40000.0,1.3,45,80%,0.60%,16.55
Sweden,Employment in general government as a percentage of total employment,2007,10110233.0,0.63%,62886.0,25.0,410340.0,40000.0,1.9,41,88%,0.13%,30.75
Sweden,Employment in general government as a percentage of total employment,2008,10110233.0,0.63%,62886.0,25.0,410340.0,40000.0,1.9,41,88%,0.13%,29.93
Sweden,Employment in general government as a percentage of total employment,2009,10110233.0,0.63%,62886.0,25.0,410340.0,40000.0,1.9,41,88%,0.13%,29.91
Sweden,Employment in general government as a percentage of total employment,2010,10110233.0,0.63%,62886.0,25.0,410340.0,40000.0,1.9,41,88%,0.13%,29.54
Sweden,Employment in general government as a percentage of total employment,2011,10110233.0,0.63%,62886.0,25.0,410340.0,40000.0,1.9,41,88%,0.13%,28.98
Sweden,Employment in general government as a percentage of total employment,2012,10110233.0,0.63%,62886.0,25.0,410340.0,40000.0,1.9,41,88%,0.13%,29.01
Sweden,Employment in general government as a percentage of total employment,2013,10110233.0,0.63%,62886.0,25.0,410340.0,40000.0,1.9,41,88%,0.13%,28.99
Sweden,Employment in general government as a percentage of total employment,2014,10110233.0,0.63%,62886.0,25.0,410340.0,40000.0,1.9,41,88%,0.13%,28.94
Sweden,Employment in general government as a percentage of total employment,2015,10110233.0,0.63%,62886.0,25.0,410340.0,40000.0,1.9,41,88%,0.13%,29.15
Sweden,Employment in general government as a percentage of total employment,2016,10110233.0,0.63%,62886.0,25.0,410340.0,40000.0,1.9,41,88%,0.13%,29.42
Sweden,Employment in general government as a percentage of total employment,2017,10110233.0,0.63%,62886.0,25.0,410340.0,40000.0,1.9,41,88%,0.13%,29.22
Sweden,Employment in general government as a percentage of total employment,2018,10110233.0,0.63%,62886.0,25.0,410340.0,40000.0,1.9,41,88%,0.13%,29.01
Sweden,Employment in general government as a percentage of total employment,2019,10110233.0,0.63%,62886.0,25.0,410340.0,40000.0,1.9,41,88%,0.13%,29.08
Sweden,Employment in general government as a percentage of total employment,2020,10110233.0,0.63%,62886.0,25.0,410340.0,40000.0,1.9,41,88%,0.13%,29.42
Sweden,Employment in general government as a percentage of total employment,2021,10110233.0,0.63%,62886.0,25.0,410340.0,40000.0,1.9,41,88%,0.13%,29.27
Switzerland,Employment in general government as a percentage of total employment,2008,8665615.0,0.74%,63257.0,219.0,39516.0,52000.0,1.5,43,74%,0.11%,9.16
Switzerland,Employment in general government as a percentage of total employment,2011,8665615.0,0.74%,63257.0,219.0,39516.0,52000.0,1.5,43,74%,0.11%,10.6
Switzerland,Employment in general government as a percentage of total employment,2012,8665615.0,0.74%,63257.0,219.0,39516.0,52000.0,1.5,43,74%,0.11%,10.52
Switzerland,Employment in general government as a percentage of total employment,2013,8665615.0,0.74%,63257.0,219.0,39516.0,52000.0,1.5,43,74%,0.11%,10.59
Switzerland,Employment in general government as a percentage of total employment,2014,8665615.0,0.74%,63257.0,219.0,39516.0,52000.0,1.5,43,74%,0.11%,10.54
Switzerland,Employment in general government as a percentage of total employment,2015,8665615.0,0.74%,63257.0,219.0,39516.0,52000.0,1.5,43,74%,0.11%,10.55
Switzerland,Employment in general government as a percentage of total employment,2016,8665615.0,0.74%,63257.0,219.0,39516.0,52000.0,1.5,43,74%,0.11%,10.56
Switzerland,Employment in general government as a percentage of total employment,2017,8665615.0,0.74%,63257.0,219.0,39516.0,52000.0,1.5,43,74%,0.11%,10.56
Switzerland,Employment in general government as a percentage of total employment,2018,8665615.0,0.74%,63257.0,219.0,39516.0,52000.0,1.5,43,74%,0.11%,10.65
Switzerland,Employment in general government as a percentage of total employment,2019,8665615.0,0.74%,63257.0,219.0,39516.0,52000.0,1.5,43,74%,0.11%,10.88
Switzerland,Employment in general government as a percentage of total employment,2020,8665615.0,0.74%,63257.0,219.0,39516.0,52000.0,1.5,43,74%,0.11%,11.22
Türkiye,Employment in general government as a percentage of total employment,2007,,,,,,,,,,,13.09
Türkiye,Employment in general government as a percentage of total employment,2008,,,,,,,,,,,12.91
Türkiye,Employment in general government as a percentage of total employment,2009,,,,,,,,,,,13.13
Türkiye,Employment in general government as a percentage of total employment,2010,,,,,,,,,,,12.66
Türkiye,Employment in general government as a percentage of total employment,2011,,,,,,,,,,,12.29
Türkiye,Employment in general government as a percentage of total employment,2012,,,,,,,,,,,12.45
Türkiye,Employment in general government as a percentage of total employment,2013,,,,,,,,,,,12.6
Türkiye,Employment in general government as a percentage of total employment,2014,,,,,,,,,,,11.09
Türkiye,Employment in general government as a percentage of total employment,2015,,,,,,,,,,,11.18
Türkiye,Employment in general government as a percentage of total employment,2016,,,,,,,,,,,11.18
Türkiye,Employment in general government as a percentage of total employment,2017,,,,,,,,,,,10.77
Türkiye,Employment in general government as a percentage of total employment,2018,,,,,,,,,,,11.94
Türkiye,Employment in general government as a percentage of total employment,2019,,,,,,,,,,,13.06
Türkiye,Employment in general government as a percentage of total employment,2020,,,,,,,,,,,14.2
Türkiye,Employment in general government as a percentage of total employment,2021,,,,,,,,,,,13.45
United Kingdom,Employment in general government as a percentage of total employment,2007,67948282.0,0.53%,355839.0,281.0,241930.0,260650.0,1.8,40,83%,0.87%,19.27
United Kingdom,Employment in general government as a percentage of total employment,2008,67948282.0,0.53%,355839.0,281.0,241930.0,260650.0,1.8,40,83%,0.87%,19.1
United Kingdom,Employment in general government as a percentage of total employment,2009,67948282.0,0.53%,355839.0,281.0,241930.0,260650.0,1.8,40,83%,0.87%,19.7
United Kingdom,Employment in general government as a percentage of total employment,2010,67948282.0,0.53%,355839.0,281.0,241930.0,260650.0,1.8,40,83%,0.87%,19.63
United Kingdom,Employment in general government as a percentage of total employment,2011,67948282.0,0.53%,355839.0,281.0,241930.0,260650.0,1.8,40,83%,0.87%,19.04
United Kingdom,Employment in general government as a percentage of total employment,2012,67948282.0,0.53%,355839.0,281.0,241930.0,260650.0,1.8,40,83%,0.87%,17.96
United Kingdom,Employment in general government as a percentage of total employment,2013,67948282.0,0.53%,355839.0,281.0,241930.0,260650.0,1.8,40,83%,0.87%,17.39
United Kingdom,Employment in general government as a percentage of total employment,2014,67948282.0,0.53%,355839.0,281.0,241930.0,260650.0,1.8,40,83%,0.87%,16.94
United Kingdom,Employment in general government as a percentage of total employment,2015,67948282.0,0.53%,355839.0,281.0,241930.0,260650.0,1.8,40,83%,0.87%,16.52
United Kingdom,Employment in general government as a percentage of total employment,2016,67948282.0,0.53%,355839.0,281.0,241930.0,260650.0,1.8,40,83%,0.87%,16.24
United Kingdom,Employment in general government as a percentage of total employment,2017,67948282.0,0.53%,355839.0,281.0,241930.0,260650.0,1.8,40,83%,0.87%,16.07
United Kingdom,Employment in general government as a percentage of total employment,2018,67948282.0,0.53%,355839.0,281.0,241930.0,260650.0,1.8,40,83%,0.87%,15.96
United Kingdom,Employment in general government as a percentage of total employment,2019,67948282.0,0.53%,355839.0,281.0,241930.0,260650.0,1.8,40,83%,0.87%,15.98
United Kingdom,Employment in general government as a percentage of total employment,2020,67948282.0,0.53%,355839.0,281.0,241930.0,260650.0,1.8,40,83%,0.87%,16.41
United Kingdom,Employment in general government as a percentage of total employment,2021,67948282.0,0.53%,355839.0,281.0,241930.0,260650.0,1.8,40,83%,0.87%,16.9
United States,Employment in general government as a percentage of total employment,2008,331341050.0,0.59%,1937734.0,36.0,9147420.0,954806.0,1.8,38,83%,4.25%,15.89
United States,Employment in general government as a percentage of total employment,2009,331341050.0,0.59%,1937734.0,36.0,9147420.0,954806.0,1.8,38,83%,4.25%,16.71
United States,Employment in general government as a percentage of total employment,2010,331341050.0,0.59%,1937734.0,36.0,9147420.0,954806.0,1.8,38,83%,4.25%,17.07
United States,Employment in general government as a percentage of total employment,2011,331341050.0,0.59%,1937734.0,36.0,9147420.0,954806.0,1.8,38,83%,4.25%,16.64
United States,Employment in general government as a percentage of total employment,2012,331341050.0,0.59%,1937734.0,36.0,9147420.0,954806.0,1.8,38,83%,4.25%,16.21
United States,Employment in general government as a percentage of total employment,2013,331341050.0,0.59%,1937734.0,36.0,9147420.0,954806.0,1.8,38,83%,4.25%,15.93
United States,Employment in general government as a percentage of total employment,2014,331341050.0,0.59%,1937734.0,36.0,9147420.0,954806.0,1.8,38,83%,4.25%,15.64
United States,Employment in general government as a percentage of total employment,2015,331341050.0,0.59%,1937734.0,36.0,9147420.0,954806.0,1.8,38,83%,4.25%,15.39
United States,Employment in general government as a percentage of total employment,2016,331341050.0,0.59%,1937734.0,36.0,9147420.0,954806.0,1.8,38,83%,4.25%,15.27
United States,Employment in general government as a percentage of total employment,2017,331341050.0,0.59%,1937734.0,36.0,9147420.0,954806.0,1.8,38,83%,4.25%,15.16
United States,Employment in general government as a percentage of total employment,2018,331341050.0,0.59%,1937734.0,36.0,9147420.0,954806.0,1.8,38,83%,4.25%,14.99
United States,Employment in general government as a percentage of total employment,2019,331341050.0,0.59%,1937734.0,36.0,9147420.0,954806.0,1.8,38,83%,4.25%,14.92
United States,Employment in general government as a percentage of total employment,2020,331341050.0,0.59%,1937734.0,36.0,9147420.0,954806.0,1.8,38,83%,4.25%,15.44
United States,Employment in general government as a percentage of total employment,2021,331341050.0,0.59%,1937734.0,36.0,9147420.0,954806.0,1.8,38,83%,4.25%,14.95
Costa Rica,Employment in general government as a percentage of total employment,2012,5102158.0,0.92%,46557.0,100.0,51060.0,4200.0,1.8,33,80%,0.07%,11.01
Costa Rica,Employment in general government as a percentage of total employment,2013,5102158.0,0.92%,46557.0,100.0,51060.0,4200.0,1.8,33,80%,0.07%,11.2
Costa Rica,Employment in general government as a percentage of total employment,2014,5102158.0,0.92%,46557.0,100.0,51060.0,4200.0,1.8,33,80%,0.07%,11.24
Costa Rica,Employment in general government as a percentage of total employment,2015,5102158.0,0.92%,46557.0,100.0,51060.0,4200.0,1.8,33,80%,0.07%,11.63
Costa Rica,Employment in general government as a percentage of total employment,2016,5102158.0,0.92%,46557.0,100.0,51060.0,4200.0,1.8,33,80%,0.07%,12.16
Costa Rica,Employment in general government as a percentage of total employment,2017,5102158.0,0.92%,46557.0,100.0,51060.0,4200.0,1.8,33,80%,0.07%,12.34
Costa Rica,Employment in general government as a percentage of total employment,2018,5102158.0,0.92%,46557.0,100.0,51060.0,4200.0,1.8,33,80%,0.07%,11.71
Costa Rica,Employment in general government as a percentage of total employment,2019,5102158.0,0.92%,46557.0,100.0,51060.0,4200.0,1.8,33,80%,0.07%,12.09
Costa Rica,Employment in general government as a percentage of total employment,2020,5102158.0,0.92%,46557.0,100.0,51060.0,4200.0,1.8,33,80%,0.07%,13.52
Croatia,Employment in general government as a percentage of total employment,2007,4100719.0,-0.61%,-25037.0,73.0,55960.0,-8001.0,1.4,44,58%,0.05%,17.34
Croatia,Employment in general government as a percentage of total employment,2008,4100719.0,-0.61%,-25037.0,73.0,55960.0,-8001.0,1.4,44,58%,0.05%,17.51
Croatia,Employment in general government as a percentage of total employment,2009,4100719.0,-0.61%,-25037.0,73.0,55960.0,-8001.0,1.4,44,58%,0.05%,18.54
Croatia,Employment in general government as a percentage of total employment,2010,4100719.0,-0.61%,-25037.0,73.0,55960.0,-8001.0,1.4,44,58%,0.05%,18.8
Croatia,Employment in general government as a percentage of total employment,2011,4100719.0,-0.61%,-25037.0,73.0,55960.0,-8001.0,1.4,44,58%,0.05%,18.26
Croatia,Employment in general government as a percentage of total employment,2012,4100719.0,-0.61%,-25037.0,73.0,55960.0,-8001.0,1.4,44,58%,0.05%,19.14
Croatia,Employment in general government as a percentage of total employment,2013,4100719.0,-0.61%,-25037.0,73.0,55960.0,-8001.0,1.4,44,58%,0.05%,20.63
Croatia,Employment in general government as a percentage of total employment,2014,4100719.0,-0.61%,-25037.0,73.0,55960.0,-8001.0,1.4,44,58%,0.05%,22.17
Croatia,Employment in general government as a percentage of total employment,2015,4100719.0,-0.61%,-25037.0,73.0,55960.0,-8001.0,1.4,44,58%,0.05%,21.9
Croatia,Employment in general government as a percentage of total employment,2016,4100719.0,-0.61%,-25037.0,73.0,55960.0,-8001.0,1.4,44,58%,0.05%,21.65
Croatia,Employment in general government as a percentage of total employment,2017,4100719.0,-0.61%,-25037.0,73.0,55960.0,-8001.0,1.4,44,58%,0.05%,21.82
Croatia,Employment in general government as a percentage of total employment,2018,4100719.0,-0.61%,-25037.0,73.0,55960.0,-8001.0,1.4,44,58%,0.05%,21.94
Croatia,Employment in general government as a percentage of total employment,2019,4100719.0,-0.61%,-25037.0,73.0,55960.0,-8001.0,1.4,44,58%,0.05%,22.76
Croatia,Employment in general government as a percentage of total employment,2020,4100719.0,-0.61%,-25037.0,73.0,55960.0,-8001.0,1.4,44,58%,0.05%,22.8
Croatia,Employment in general government as a percentage of total employment,2021,4100719.0,-0.61%,-25037.0,73.0,55960.0,-8001.0,1.4,44,58%,0.05%,22.77
Estonia,Employment in general government as a percentage of total employment,2007,1326693.0,0.07%,887.0,31.0,42390.0,3911.0,1.6,42,68%,0.02%,20.27
Estonia,Employment in general government as a percentage of total employment,2008,1326693.0,0.07%,887.0,31.0,42390.0,3911.0,1.6,42,68%,0.02%,20.28
Estonia,Employment in general government as a percentage of total employment,2009,1326693.0,0.07%,887.0,31.0,42390.0,3911.0,1.6,42,68%,0.02%,23.19
Estonia,Employment in general government as a percentage of total employment,2010,1326693.0,0.07%,887.0,31.0,42390.0,3911.0,1.6,42,68%,0.02%,23.99
Estonia,Employment in general government as a percentage of total employment,2011,1326693.0,0.07%,887.0,31.0,42390.0,3911.0,1.6,42,68%,0.02%,22.64
Estonia,Employment in general government as a percentage of total employment,2012,1326693.0,0.07%,887.0,31.0,42390.0,3911.0,1.6,42,68%,0.02%,23.42
Estonia,Employment in general government as a percentage of total employment,2013,1326693.0,0.07%,887.0,31.0,42390.0,3911.0,1.6,42,68%,0.02%,22.9
Estonia,Employment in general government as a percentage of total employment,2014,1326693.0,0.07%,887.0,31.0,42390.0,3911.0,1.6,42,68%,0.02%,23.27
Estonia,Employment in general government as a percentage of total employment,2015,1326693.0,0.07%,887.0,31.0,42390.0,3911.0,1.6,42,68%,0.02%,23.09
Estonia,Employment in general government as a percentage of total employment,2016,1326693.0,0.07%,887.0,31.0,42390.0,3911.0,1.6,42,68%,0.02%,22.2
Estonia,Employment in general government as a percentage of total employment,2017,1326693.0,0.07%,887.0,31.0,42390.0,3911.0,1.6,42,68%,0.02%,21.08
Estonia,Employment in general government as a percentage of total employment,2018,1326693.0,0.07%,887.0,31.0,42390.0,3911.0,1.6,42,68%,0.02%,21.38
Estonia,Employment in general government as a percentage of total employment,2019,1326693.0,0.07%,887.0,31.0,42390.0,3911.0,1.6,42,68%,0.02%,22.0
Estonia,Employment in general government as a percentage of total employment,2020,1326693.0,0.07%,887.0,31.0,42390.0,3911.0,1.6,42,68%,0.02%,22.73
Estonia,Employment in general government as a percentage of total employment,2021,1326693.0,0.07%,887.0,31.0,42390.0,3911.0,1.6,42,68%,0.02%,23.43
Israel,Employment in general government as a percentage of total employment,2007,8678517.0,1.60%,136158.0,400.0,21640.0,10000.0,3,30,93%,0.11%,22.65
Israel,Employment in general government as a percentage of total employment,2008,8678517.0,1.60%,136158.0,400.0,21640.0,10000.0,3,30,93%,0.11%,22.05
Israel,Employment in general government as a percentage of total employment,2009,8678517.0,1.60%,136158.0,400.0,21640.0,10000.0,3,30,93%,0.11%,21.91
Israel,Employment in general government as a percentage of total employment,2010,8678517.0,1.60%,136158.0,400.0,21640.0,10000.0,3,30,93%,0.11%,21.75
Israel,Employment in general government as a percentage of total employment,2011,8678517.0,1.60%,136158.0,400.0,21640.0,10000.0,3,30,93%,0.11%,21.97
Israel,Employment in general government as a percentage of total employment,2012,8678517.0,1.60%,136158.0,400.0,21640.0,10000.0,3,30,93%,0.11%,20.37
Israel,Employment in general government as a percentage of total employment,2013,8678517.0,1.60%,136158.0,400.0,21640.0,10000.0,3,30,93%,0.11%,20.08
Israel,Employment in general government as a percentage of total employment,2014,8678517.0,1.60%,136158.0,400.0,21640.0,10000.0,3,30,93%,0.11%,20.11
Israel,Employment in general government as a percentage of total employment,2015,8678517.0,1.60%,136158.0,400.0,21640.0,10000.0,3,30,93%,0.11%,20.09
Israel,Employment in general government as a percentage of total employment,2016,8678517.0,1.60%,136158.0,400.0,21640.0,10000.0,3,30,93%,0.11%,19.74
Israel,Employment in general government as a percentage of total employment,2017,8678517.0,1.60%,136158.0,400.0,21640.0,10000.0,3,30,93%,0.11%,19.78
Israel,Employment in general government as a percentage of total employment,2018,8678517.0,1.60%,136158.0,400.0,21640.0,10000.0,3,30,93%,0.11%,19.75
Israel,Employment in general government as a percentage of total employment,2019,8678517.0,1.60%,136158.0,400.0,21640.0,10000.0,3,30,93%,0.11%,19.66
Israel,Employment in general government as a percentage of total employment,2020,8678517.0,1.60%,136158.0,400.0,21640.0,10000.0,3,30,93%,0.11%,20.5
Israel,Employment in general government as a percentage of total employment,2021,8678517.0,1.60%,136158.0,400.0,21640.0,10000.0,3,30,93%,0.11%,20.93
Latvia,Employment in general government as a percentage of total employment,2007,1882408.0,-1.08%,-20545.0,30.0,62200.0,-14837.0,1.7,44,69%,0.02%,19.47
Latvia,Employment in general government as a percentage of total employment,2008,1882408.0,-1.08%,-20545.0,30.0,62200.0,-14837.0,1.7,44,69%,0.02%,20.02
Latvia,Employment in general government as a percentage of total employment,2009,1882408.0,-1.08%,-20545.0,30.0,62200.0,-14837.0,1.7,44,69%,0.02%,21.66
Latvia,Employment in general government as a percentage of total employment,2010,1882408.0,-1.08%,-20545.0,30.0,62200.0,-14837.0,1.7,44,69%,0.02%,21.73
Latvia,Employment in general government as a percentage of total employment,2011,1882408.0,-1.08%,-20545.0,30.0,62200.0,-14837.0,1.7,44,69%,0.02%,21.59
Latvia,Employment in general government as a percentage of total employment,2012,1882408.0,-1.08%,-20545.0,30.0,62200.0,-14837.0,1.7,44,69%,0.02%,22.03
Latvia,Employment in general government as a percentage of total employment,2013,1882408.0,-1.08%,-20545.0,30.0,62200.0,-14837.0,1.7,44,69%,0.02%,21.42
Latvia,Employment in general government as a percentage of total employment,2014,1882408.0,-1.08%,-20545.0,30.0,62200.0,-14837.0,1.7,44,69%,0.02%,21.03
Latvia,Employment in general government as a percentage of total employment,2015,1882408.0,-1.08%,-20545.0,30.0,62200.0,-14837.0,1.7,44,69%,0.02%,20.05
Latvia,Employment in general government as a percentage of total employment,2016,1882408.0,-1.08%,-20545.0,30.0,62200.0,-14837.0,1.7,44,69%,0.02%,19.81
Latvia,Employment in general government as a percentage of total employment,2017,1882408.0,-1.08%,-20545.0,30.0,62200.0,-14837.0,1.7,44,69%,0.02%,19.68
Latvia,Employment in general government as a percentage of total employment,2018,1882408.0,-1.08%,-20545.0,30.0,62200.0,-14837.0,1.7,44,69%,0.02%,19.66
Latvia,Employment in general government as a percentage of total employment,2019,1882408.0,-1.08%,-20545.0,30.0,62200.0,-14837.0,1.7,44,69%,0.02%,19.61
Latvia,Employment in general government as a percentage of total employment,2020,1882408.0,-1.08%,-20545.0,30.0,62200.0,-14837.0,1.7,44,69%,0.02%,20.73
Latvia,Employment in general government as a percentage of total employment,2021,1882408.0,-1.08%,-20545.0,30.0,62200.0,-14837.0,1.7,44,69%,0.02%,21.13
Lithuania,Employment in general government as a percentage of total employment,2007,2715340.0,-1.35%,-37338.0,43.0,62674.0,-32780.0,1.7,45,71%,0.03%,23.26
Lithuania,Employment in general government as a percentage of total employment,2008,2715340.0,-1.35%,-37338.0,43.0,62674.0,-32780.0,1.7,45,71%,0.03%,23.28
Lithuania,Employment in general government as a percentage of total employment,2009,2715340.0,-1.35%,-37338.0,43.0,62674.0,-32780.0,1.7,45,71%,0.03%,24.72
Lithuania,Employment in general government as a percentage of total employment,2010,2715340.0,-1.35%,-37338.0,43.0,62674.0,-32780.0,1.7,45,71%,0.03%,25.75
Lithuania,Employment in general government as a percentage of total employment,2011,2715340.0,-1.35%,-37338.0,43.0,62674.0,-32780.0,1.7,45,71%,0.03%,25.6
Lithuania,Employment in general government as a percentage of total employment,2012,2715340.0,-1.35%,-37338.0,43.0,62674.0,-32780.0,1.7,45,71%,0.03%,24.85
Lithuania,Employment in general government as a percentage of total employment,2013,2715340.0,-1.35%,-37338.0,43.0,62674.0,-32780.0,1.7,45,71%,0.03%,24.41
Lithuania,Employment in general government as a percentage of total employment,2014,2715340.0,-1.35%,-37338.0,43.0,62674.0,-32780.0,1.7,45,71%,0.03%,23.76
Lithuania,Employment in general government as a percentage of total employment,2015,2715340.0,-1.35%,-37338.0,43.0,62674.0,-32780.0,1.7,45,71%,0.03%,23.37
Lithuania,Employment in general government as a percentage of total employment,2016,2715340.0,-1.35%,-37338.0,43.0,62674.0,-32780.0,1.7,45,71%,0.03%,22.7
Lithuania,Employment in general government as a percentage of total employment,2017,2715340.0,-1.35%,-37338.0,43.0,62674.0,-32780.0,1.7,45,71%,0.03%,22.65
Lithuania,Employment in general government as a percentage of total employment,2018,2715340.0,-1.35%,-37338.0,43.0,62674.0,-32780.0,1.7,45,71%,0.03%,22.32
Lithuania,Employment in general government as a percentage of total employment,2019,2715340.0,-1.35%,-37338.0,43.0,62674.0,-32780.0,1.7,45,71%,0.03%,22.27
Lithuania,Employment in general government as a percentage of total employment,2020,2715340.0,-1.35%,-37338.0,43.0,62674.0,-32780.0,1.7,45,71%,0.03%,22.5
Lithuania,Employment in general government as a percentage of total employment,2021,2715340.0,-1.35%,-37338.0,43.0,62674.0,-32780.0,1.7,45,71%,0.03%,22.47
Romania,Employment in general government as a percentage of total employment,2007,19214608.0,-0.66%,-126866.0,84.0,230170.0,-73999.0,1.6,43,55%,0.25%,16.12
Romania,Employment in general government as a percentage of total employment,2008,19214608.0,-0.66%,-126866.0,84.0,230170.0,-73999.0,1.6,43,55%,0.25%,17.21
Romania,Employment in general government as a percentage of total employment,2009,19214608.0,-0.66%,-126866.0,84.0,230170.0,-73999.0,1.6,43,55%,0.25%,17.43
Romania,Employment in general government as a percentage of total employment,2010,19214608.0,-0.66%,-126866.0,84.0,230170.0,-73999.0,1.6,43,55%,0.25%,18.14
Romania,Employment in general government as a percentage of total employment,2011,19214608.0,-0.66%,-126866.0,84.0,230170.0,-73999.0,1.6,43,55%,0.25%,16.9
Romania,Employment in general government as a percentage of total employment,2012,19214608.0,-0.66%,-126866.0,84.0,230170.0,-73999.0,1.6,43,55%,0.25%,16.32
Romania,Employment in general government as a percentage of total employment,2013,19214608.0,-0.66%,-126866.0,84.0,230170.0,-73999.0,1.6,43,55%,0.25%,16.48
Romania,Employment in general government as a percentage of total employment,2014,19214608.0,-0.66%,-126866.0,84.0,230170.0,-73999.0,1.6,43,55%,0.25%,15.85
Romania,Employment in general government as a percentage of total employment,2015,19214608.0,-0.66%,-126866.0,84.0,230170.0,-73999.0,1.6,43,55%,0.25%,15.93
Romania,Employment in general government as a percentage of total employment,2016,19214608.0,-0.66%,-126866.0,84.0,230170.0,-73999.0,1.6,43,55%,0.25%,16.37
Romania,Employment in general government as a percentage of total employment,2017,19214608.0,-0.66%,-126866.0,84.0,230170.0,-73999.0,1.6,43,55%,0.25%,15.88
Romania,Employment in general government as a percentage of total employment,2018,19214608.0,-0.66%,-126866.0,84.0,230170.0,-73999.0,1.6,43,55%,0.25%,16.09
Romania,Employment in general government as a percentage of total employment,2019,19214608.0,-0.66%,-126866.0,84.0,230170.0,-73999.0,1.6,43,55%,0.25%,16.51
Romania,Employment in general government as a percentage of total employment,2020,19214608.0,-0.66%,-126866.0,84.0,230170.0,-73999.0,1.6,43,55%,0.25%,16.91
Slovenia,Employment in general government as a percentage of total employment,2007,2078989.0,0.01%,284.0,103.0,20140.0,2000.0,1.6,45,55%,0.03%,15.56
Slovenia,Employment in general government as a percentage of total employment,2008,2078989.0,0.01%,284.0,103.0,20140.0,2000.0,1.6,45,55%,0.03%,15.59
Slovenia,Employment in general government as a percentage of total employment,2009,2078989.0,0.01%,284.0,103.0,20140.0,2000.0,1.6,45,55%,0.03%,16.09
Slovenia,Employment in general government as a percentage of total employment,2010,2078989.0,0.01%,284.0,103.0,20140.0,2000.0,1.6,45,55%,0.03%,16.74
Slovenia,Employment in general government as a percentage of total employment,2011,2078989.0,0.01%,284.0,103.0,20140.0,2000.0,1.6,45,55%,0.03%,17.49
Slovenia,Employment in general government as a percentage of total employment,2012,2078989.0,0.01%,284.0,103.0,20140.0,2000.0,1.6,45,55%,0.03%,17.75
Slovenia,Employment in general government as a percentage of total employment,2013,2078989.0,0.01%,284.0,103.0,20140.0,2000.0,1.6,45,55%,0.03%,17.67
Slovenia,Employment in general government as a percentage of total employment,2014,2078989.0,0.01%,284.0,103.0,20140.0,2000.0,1.6,45,55%,0.03%,17.58
Slovenia,Employment in general government as a percentage of total employment,2015,2078989.0,0.01%,284.0,103.0,20140.0,2000.0,1.6,45,55%,0.03%,17.37
Slovenia,Employment in general government as a percentage of total employment,2016,2078989.0,0.01%,284.0,103.0,20140.0,2000.0,1.6,45,55%,0.03%,17.33
Slovenia,Employment in general government as a percentage of total employment,2017,2078989.0,0.01%,284.0,103.0,20140.0,2000.0,1.6,45,55%,0.03%,17.15
Slovenia,Employment in general government as a percentage of total employment,2018,2078989.0,0.01%,284.0,103.0,20140.0,2000.0,1.6,45,55%,0.03%,16.95
Slovenia,Employment in general government as a percentage of total employment,2019,2078989.0,0.01%,284.0,103.0,20140.0,2000.0,1.6,45,55%,0.03%,16.76
Slovenia,Employment in general government as a percentage of total employment,2020,2078989.0,0.01%,284.0,103.0,20140.0,2000.0,1.6,45,55%,0.03%,17.11
Slovenia,Employment in general government as a percentage of total employment,2021,2078989.0,0.01%,284.0,103.0,20140.0,2000.0,1.6,45,55%,0.03%,17.17
OECD - Average,Employment in general government as a percentage of total employment,2007,,,,,,,,,,,18.15
OECD - Average,Employment in general government as a percentage of total employment,2008,,,,,,,,,,,18.06
OECD - Average,Employment in general government as a percentage of total employment,2011,,,,,,,,,,,18.73
OECD - Average,Employment in general government as a percentage of total employment,2012,,,,,,,,,,,18.6
OECD - Average,Employment in general government as a percentage of total employment,2013,,,,,,,,,,,18.55
OECD - Average,Employment in general government as a percentage of total employment,2014,,,,,,,,,,,18.37
OECD - Average,Employment in general government as a percentage of total employment,2015,,,,,,,,,,,18.29
OECD - Average,Employment in general government as a percentage of total employment,2016,,,,,,,,,,,18.09
OECD - Average,Employment in general government as a percentage of total employment,2017,,,,,,,,,,,17.93
OECD - Average,Employment in general government as a percentage of total employment,2018,,,,,,,,,,,17.86
OECD - Average,Employment in general government as a percentage of total employment,2019,,,,,,,,,,,18.08
OECD - Average,Employment in general government as a percentage of total employment,2020,,,,,,,,,,,18.61
OECD - Average,Employment in general government as a percentage of total employment,2021,,,,,,,,,,,18.63
